acousticness,danceability,energy,instrumentalness,key,liveness,loudness,mode,speechiness,tempo,time_signature,valence,liked
0.0551,0.7,0.917,0.0248,F,0.118,-5.678,minor,0.0986,150.011,4,0.386,True
0.034,0.69,0.986,0.801,A,0.066,-4.399,major,0.0611,175.046,4,0.488,True
0.0645,0.624,0.975,0.0129,A#,0.364,-2.068,minor,0.131,154.997,4,0.147,True
0.000585,0.327,0.953,0.000064,C#,0.0813,-5.657,major,0.462,144.415,4,0.143,True
0.00743,0.564,0.995,0.0121,G,0.398,-3.583,major,0.192,160.03,4,0.303,True
0.0561,0.45,0.942,0,E,0.15,-3.059,minor,0.0728,160.065,4,0.304,True
0.0704,0.509,0.761,0.462,C#,0.134,-9.478,major,0.126,150.093,4,0.133,True
0.145,0.561,0.971,0.00027,G,0.0531,-1.914,major,0.413,159.882,4,0.352,True
0.00149,0.519,0.959,0.712,B,0.202,-6.89,minor,0.0487,150.03,4,0.406,True
0.00232,0.46,0.981,0.000105,G#,0.174,-2.412,minor,0.333,160.214,4,0.206,True
0.00632,0.686,0.946,0.00149,B,0.295,-1.353,major,0.044,100.016,4,0.312,True
0.0374,0.683,0.957,0.17,C#,0.17,-2.393,major,0.0577,94.973,4,0.256,True
0.132,0.319,0.865,0,D,0.135,-2.526,minor,0.0415,155.133,4,0.0832,True
0.0769,0.58,0.96,0.000008,E,0.275,-1.57,minor,0.416,159.996,4,0.208,True
0.0352,0.459,0.873,0.000741,A#,0.0995,-4.104,minor,0.1,155.06,4,0.236,True
0.0015,0.419,0.826,0.0105,C#,0.319,-5.692,major,0.185,156.917,4,0.212,True
0.00434,0.713,0.969,0.0432,G,0.655,-3.692,major,0.23,100.003,4,0.0397,True
0.414,0.711,0.996,0.000004,A#,0.924,0.654,minor,0.46,110.128,3,0.0759,True
0.000292,0.459,0.893,0.000592,B,0.595,-3.679,major,0.145,159.981,4,0.152,True
0.00967,0.573,0.946,0.774,G,0.674,-5.372,major,0.0487,165.025,4,0.429,True
0.000206,0.557,0.971,0.000973,G,0.32,-2.236,major,0.0863,109.97,4,0.226,True
0.0107,0.4,0.991,0,C#,0.891,1.18,major,0.438,100.015,4,0.253,True
0.0089,0.484,0.935,0.133,C,0.394,-1.868,major,0.459,154.984,4,0.0552,True
0.0973,0.696,0.978,0,A#,0.0984,-5.313,minor,0.141,99.942,4,0.283,True
0.0917,0.532,0.942,0,A,0.122,-2.777,major,0.22,159.929,4,0.358,True
0.0262,0.721,0.972,0.0332,D,0.266,-0.859,major,0.326,155.003,4,0.4,True
0.0234,0.63,0.946,0.0144,G,0.257,-0.819,major,0.0861,99.963,4,0.21,True
0.0303,0.757,0.98,0.675,G#,0.218,-4.671,minor,0.383,166.701,4,0.468,True
0.00951,0.685,0.857,0.226,B,0.0662,-7.907,minor,0.084,154.996,4,0.41,True
0.00192,0.519,0.852,0.0529,F#,0.348,-4.13,major,0.211,75.004,4,0.212,True
0.00514,0.564,0.973,0.000724,G#,0.102,-5.367,major,0.188,155.054,4,0.258,True
0.0742,0.642,0.57,0.579,G,0.0408,-7.958,minor,0.0503,149.958,4,0.131,True
0.0311,0.442,0.895,0.000003,A#,0.526,-8.242,minor,0.227,155.274,4,0.157,True
0.00607,0.404,0.924,0.566,A,0.364,-5.463,minor,0.107,149.942,4,0.215,True
0.0272,0.441,0.944,0.933,A#,0.362,-5.738,minor,0.0405,149.966,4,0.357,True
0.0772,0.502,0.956,0.00194,C#,0.0455,-4.445,minor,0.0874,150.018,4,0.266,True
0.03,0.529,0.937,0.000129,F,0.151,-3.398,minor,0.0467,149.999,4,0.542,True
0.00142,0.348,0.964,0.00012,D,0.951,-2.453,major,0.0559,154.894,4,0.456,True
0.0104,0.53,0.99,0.000029,B,0.664,-2.298,major,0.161,150.144,4,0.53,True
0.11,0.535,0.889,0.559,D,0.331,-3.765,major,0.0655,149.987,4,0.315,True
0.000584,0.721,0.965,0.81,C,0.167,-6.176,major,0.122,148.018,4,0.322,True
0.0113,0.799,0.878,0.035,C#,0.583,-6.929,minor,0.0777,148.005,4,0.161,True
0.278,0.693,0.864,0.0388,E,0.0777,-4.17,minor,0.0483,149.998,4,0.142,True
0.00297,0.607,0.875,0.0481,G,0.0645,-5.417,major,0.105,149.991,4,0.189,True
0.0561,0.571,0.8,0.339,B,0.185,-6.797,minor,0.0408,149.963,4,0.367,True
0.0127,0.448,0.959,0.000015,B,0.346,-4.792,minor,0.554,155.03,4,0.0437,True
0.00133,0.747,0.694,0.701,F#,0.0555,-7.482,major,0.0723,144.995,4,0.412,True
0.000791,0.463,0.968,0.000076,D,0.337,-3.157,major,0.428,150.07,4,0.121,True
0.00192,0.594,0.919,0.105,F#,0.379,-6.912,minor,0.0771,150.047,4,0.236,True
0.00588,0.746,0.924,0.0252,B,0.474,-6.881,minor,0.0766,150.006,4,0.742,True
0.0121,0.519,0.896,0.21,F,0.35,-6.46,minor,0.059,150.108,4,0.404,True
0.0137,0.792,0.631,0.376,F#,0.351,-7.277,minor,0.108,149.983,4,0.0482,True
0.298,0.552,0.594,0.000062,D,0.262,-6.449,major,0.0306,149.907,4,0.287,True
0.00356,0.808,0.986,0.563,D,0.0261,-4.963,major,0.276,144.97,4,0.136,True
0.0139,0.327,0.963,0,C#,0.187,-2.877,major,0.065,150.036,4,0.0787,True
0.0361,0.707,0.995,0.75,A,0.852,-6.367,minor,0.191,149.999,4,0.0783,True
0.0036,0.566,0.937,0.196,C#,0.237,-2.632,major,0.271,175.001,4,0.238,True
0.0293,0.69,0.974,0.00771,F,0.19,-0.952,minor,0.0812,99.99,4,0.312,True
0.241,0.558,0.989,0.000151,C#,0.904,-0.378,major,0.419,180.112,4,0.0431,True
0.0866,0.674,0.965,0.0547,G,0.123,-2.574,major,0.0564,165.029,4,0.277,True
0.00797,0.489,0.981,0.145,C,0.0956,-4.429,major,0.0526,99.985,4,0.225,True
0.166,0.565,0.981,0.0428,G,0.756,-1.099,major,0.055,92.447,4,0.381,True
0.0888,0.288,0.988,0.000718,F,0.179,-0.645,major,0.129,100.019,1,0.0376,True
0.062,0.641,0.968,0.134,G#,0.312,-0.539,major,0.116,95.003,4,0.193,True
0.000864,0.565,0.985,0.000609,E,0.237,-0.642,minor,0.0416,100.004,4,0.0799,True
0.0337,0.701,0.997,0.115,E,0.1,-0.13,minor,0.161,104.998,4,0.0827,True
0.0117,0.71,0.999,0.0559,F,0.382,-3.863,minor,0.294,120.029,4,0.0498,True
0.0607,0.584,0.994,0.00037,B,0.323,3.16,minor,0.126,134.933,4,0.107,True
0.135,0.592,0.959,0.000103,C#,0.138,-0.292,major,0.143,107.529,4,0.208,True
0.000232,0.526,0.968,0,F#,0.372,-1.285,major,0.14,115.096,4,0.311,True
0.0445,0.644,0.987,0.000678,G,0.0919,0.525,major,0.422,170.076,4,0.299,True
0.0132,0.576,0.963,0.00187,D,0.383,-1.355,major,0.123,95.001,4,0.109,True
0.000465,0.585,0.989,0.000236,D#,0.102,1.597,minor,0.0505,114.985,4,0.163,True
0.00359,0.616,0.993,0.43,C#,0.224,-0.562,major,0.101,115.026,4,0.161,True
0.101,0.438,0.98,0.00526,G,0.572,-2.215,major,0.171,103.751,4,0.0411,True
0.0431,0.624,0.998,0.196,D,0.587,1.55,major,0.15,102.536,4,0.108,True
0.0682,0.339,0.95,0.000004,F#,0.103,-2.805,minor,0.448,185.091,4,0.0951,True
0.00209,0.587,0.949,0.00163,A#,0.171,-3.901,minor,0.0516,107.955,4,0.248,True
0.00447,0.333,0.985,0,F#,0.241,-1.844,minor,0.471,180.092,4,0.0583,True
0.117,0.649,0.999,0.000503,G,0.361,1.643,major,0.319,95.032,3,0.116,True
0.000145,0.464,0.936,0.00516,C#,0.305,-6.864,minor,0.0349,167.983,4,0.294,True
0.0267,0.707,0.996,0.0281,F,0.0787,0.551,major,0.164,100.062,4,0.192,True
0.198,0.753,0.991,0.761,A,0.115,-1.599,major,0.107,99.999,4,0.448,True
0.236,0.606,0.979,0,A,0.531,-0.413,major,0.286,94.973,4,0.207,True
0.0103,0.508,0.865,0.677,C#,0.0738,-6.433,major,0.0909,170.028,4,0.215,True
0.000984,0.529,0.962,0.000109,A,0.886,-5.776,minor,0.24,174.971,4,0.162,True
0.0232,0.587,0.924,0.000004,F#,0.126,-3.645,major,0.0678,157.01,4,0.324,True
0.022,0.535,0.971,0.156,B,0.282,-3.323,minor,0.0544,88.512,4,0.4,True
0.00128,0.795,0.959,0.348,A,0.122,-5.706,major,0.235,144.977,4,0.235,True
0.00612,0.712,0.985,0.0092,G#,0.0926,-2.768,major,0.148,145.021,4,0.411,True
0.00608,0.422,0.95,0.518,A#,0.0681,-5.805,minor,0.103,175.026,4,0.329,True
0.19,0.562,0.908,0.00019,C,0.292,-2.844,major,0.0924,94.988,4,0.249,True
0.00662,0.642,0.996,0.75,F,0.181,-4.343,minor,0.0557,144.993,4,0.161,True
0.000043,0.434,0.987,0.733,A,0.0525,-4.897,minor,0.187,169.919,4,0.273,True
0.158,0.667,0.715,0.26,B,0.479,-9.468,minor,0.134,156.515,4,0.159,True
0.151,0.503,0.949,0.941,D,0.134,-8.727,minor,0.103,160.007,4,0.038,True
0.0127,0.489,0.96,0.433,F#,0.223,-2.915,major,0.372,185.103,4,0.211,True
0.261,0.585,0.916,0.738,C#,0.0936,-6.791,minor,0.0701,188.983,4,0.688,True
0.0359,0.461,0.961,0.0404,C#,0.19,-1.616,major,0.444,177.996,4,0.321,True
0.000667,0.657,0.778,0.648,D,0.133,-6.548,major,0.0548,142.057,4,0.473,True
0.000064,0.49,0.874,0.864,F#,0.0977,-4.616,minor,0.0675,145.011,4,0.2,True
0.0114,0.437,0.985,0.00691,A,0.32,-2.095,minor,0.149,174.952,4,0.0548,True
0.0416,0.724,0.745,0.877,C,0.0727,-9.519,major,0.0574,137.994,4,0.526,True
0.0014,0.445,0.92,0,C#,0.249,-3.645,major,0.208,169.948,4,0.0817,True
0.0138,0.539,0.976,0.0669,F,0.265,-2.099,minor,0.102,159.907,4,0.385,True
0.349,0.673,0.858,0,B,0.769,-2.236,minor,0.221,74.939,4,0.804,True
0.214,0.44,0.895,0.884,C,0.715,-1.795,minor,0.148,180.646,4,0.329,True
0.0507,0.605,0.732,0.023,F#,0.423,-5.839,minor,0.382,156.969,4,0.36,True
0.0289,0.638,0.947,0.0275,F,0.504,-2.554,minor,0.227,170.262,4,0.467,True
0.00042,0.549,0.988,0.631,C,0.954,-5.257,major,0.559,181.917,4,0.0386,True
0.00154,0.372,0.973,0.000956,E,0.36,-5.125,minor,0.166,156.142,4,0.192,True
0.0918,0.48,0.997,0.238,F,0.68,-3.73,major,0.0773,182.01,4,0.459,True
0.0526,0.393,0.967,0.000074,E,0.354,-1.555,minor,0.365,154.972,4,0.232,True
0.000036,0.472,0.912,0.92,F#,0.0948,-7.913,major,0.0456,162.993,4,0.488,True
0.133,0.619,0.985,0.00187,C#,0.353,-1.429,major,0.209,97.489,4,0.163,True
0.000243,0.447,0.963,0.972,C#,0.385,-6.412,minor,0.104,160.041,4,0.0288,True
0.00188,0.516,0.996,0.812,C#,0.236,-2.575,minor,0.138,159.84,4,0.478,True
0.00496,0.659,0.895,0.0459,A#,0.109,-4.493,minor,0.0631,178.816,4,0.0375,True
0.024,0.498,0.878,0.682,B,0.345,-4.802,minor,0.0537,94.454,4,0.0377,True
0.00387,0.695,0.676,0.901,C,0.117,-7.881,major,0.0565,104.968,4,0.0953,True
0.0446,0.506,0.948,0.0862,A#,0.392,-8.397,minor,0.0471,173.141,4,0.63,True
0.347,0.725,0.892,0.0154,G,0.177,-13.915,major,0.286,170.06,4,0.186,True
0.144,0.68,0.964,0.000129,A#,0.13,-0.445,minor,0.179,151.95,4,0.108,True
0.0107,0.752,0.798,0.81,F#,0.0516,-8.954,major,0.0729,174.081,4,0.0908,True
0.0623,0.674,0.961,0.895,C,0.0844,-10.188,minor,0.0624,150.045,4,0.124,True
0.012,0.608,0.997,0.119,F#,0.315,-1.179,major,0.1,110.008,4,0.491,True
0.000597,0.55,0.865,0.241,G,0.869,-8.509,minor,0.0937,162.985,4,0.286,True
0.00563,0.688,0.985,0.725,G,0.132,-4.049,major,0.096,142.001,4,0.492,True
0.0396,0.602,0.948,0.000001,A,0.186,-3.372,minor,0.0502,149.933,4,0.812,True
0.0922,0.365,0.963,0.00012,A#,0.107,-3.511,minor,0.402,155.052,4,0.132,True
0.0142,0.671,0.882,0.000237,D,0.534,-7.234,major,0.256,170.072,4,0.362,True
0.147,0.385,0.576,0.94,E,0.161,-8.443,minor,0.0286,145.068,4,0.0374,True
0.0755,0.447,0.773,0.0273,G,0.621,-6.374,major,0.0456,150.012,4,0.47,True
0.177,0.764,0.981,0.000204,G#,0.102,-2.548,major,0.131,105.002,4,0.105,True
0.00195,0.6,0.987,0.00391,A#,0.283,1.563,minor,0.12,100.024,4,0.247,True
0.0138,0.726,0.984,0.00431,B,0.368,1.573,minor,0.0826,99.979,4,0.429,True
0.0548,0.812,0.977,0.000003,A,0.348,1.634,minor,0.0659,109.954,4,0.334,True
0.0139,0.666,0.958,0.000129,A,0.105,-2.866,major,0.0807,100.036,4,0.0631,True
0.251,0.862,0.967,0.0202,E,0.308,-0.438,minor,0.318,100.01,4,0.116,True
0.0486,0.671,0.941,0.0008,D,0.432,-3.337,major,0.0519,99.965,4,0.255,True
0.0044,0.515,0.94,0.000011,A,0.23,-2.452,minor,0.0478,150.051,4,0.284,True
0.033,0.535,0.877,0.000167,D#,0.144,-2.181,minor,0.0465,150.022,4,0.115,True
0.0101,0.731,0.872,0.341,G,0.0557,-4.834,major,0.075,148.019,4,0.0648,True
0.0303,0.664,0.957,0.705,D#,0.0916,-6.124,major,0.121,148.013,4,0.11,True
0.00759,0.581,0.954,0.116,B,0.0612,-8.256,major,0.147,150.031,4,0.0604,True
0.118,0.649,0.852,0.461,D,0.249,-4.684,major,0.102,141.971,4,0.0678,True
0.0142,0.579,0.931,0.0244,G,0.0594,-4.439,major,0.229,146.089,4,0.334,True
0.0326,0.58,0.942,0.0323,A,0.221,-9.915,major,0.157,149.963,4,0.113,True
0.0706,0.639,0.961,0.208,A#,0.0567,-3.849,major,0.196,150.015,4,0.482,True
0.00128,0.396,0.791,0.578,F,0.0532,-4.819,major,0.0844,150.011,4,0.0438,True
0.000489,0.696,0.885,0.377,C#,0.0303,-7.622,major,0.156,150.013,4,0.238,True
0.117,0.429,0.935,0.0117,A,0.169,-4.41,major,0.197,149.856,4,0.188,True
0.0016,0.703,0.581,0.769,C,0.0692,-6.728,minor,0.0609,145.049,4,0.145,True
0.475,0.266,0.866,0.933,A#,0.116,-6.559,minor,0.0729,151.777,4,0.0368,True
0.022,0.653,0.82,0.551,B,0.24,-7.26,minor,0.0857,149.959,4,0.429,True
0.000549,0.666,0.853,0.452,G,0.0927,-6.484,major,0.0835,145.01,4,0.328,True
0.193,0.372,0.988,0.00291,C#,0.0731,-0.897,major,0.411,94.983,4,0.314,True
0.00577,0.422,0.979,0,D,0.107,-2.085,major,0.194,180.09,3,0.414,True
0.146,0.414,0.943,0.000002,A#,0.355,-2.503,minor,0.138,179.828,4,0.205,True
0.000137,0.587,0.994,0.0263,A,0.143,-2.146,major,0.171,161.993,4,0.227,True
0.2,0.379,0.882,0.0417,C#,0.0893,-3.74,major,0.0661,175.002,4,0.142,True
0.00564,0.385,0.99,0.11,A,0.113,-1.179,major,0.331,179.985,4,0.0744,True
0.0271,0.419,0.984,0.248,C#,0.689,-2.134,major,0.229,174.012,4,0.0648,True
0.00144,0.511,0.966,0.725,G#,0.0599,-3.772,minor,0.0663,172.988,4,0.316,True
0.00155,0.531,0.951,0.485,G,0.201,-2.91,major,0.265,173.108,4,0.197,True
0.00257,0.64,0.96,0.131,B,0.226,-2.082,major,0.123,100.05,4,0.232,True
0.0617,0.63,0.994,0.892,G#,0.105,-1.711,major,0.474,167.989,4,0.144,True
0.0441,0.499,0.943,0.000029,A,0.372,-1.999,major,0.326,180.02,4,0.45,True
0.135,0.406,0.973,0.000002,C#,0.338,-2.516,major,0.327,179.928,4,0.159,True
0.00921,0.464,0.989,0.000079,D,0.0962,-0.641,major,0.325,180.102,4,0.316,True
0.357,0.514,0.998,0.00145,G,0.331,-1.643,major,0.15,173.968,4,0.0369,True
0.026,0.457,0.947,0.0627,G,0.0909,-3.152,major,0.192,174.064,4,0.0656,True
0.104,0.442,0.932,0.000882,B,0.115,-0.611,minor,0.424,179.907,4,0.099,True
0.0177,0.311,0.969,0.599,B,0.115,-1.737,minor,0.153,185.131,4,0.238,True
0.0391,0.48,0.944,0.368,F#,0.0989,-5.244,minor,0.136,170.013,4,0.279,True
0.19,0.536,0.972,0.0391,C,0.241,-3.573,major,0.233,159.956,4,0.128,True
0.00013,0.454,0.991,0.819,B,0.433,-0.785,minor,0.0816,91.526,4,0.102,True
0.127,0.557,0.93,0.000002,D,0.0764,-2.518,major,0.313,180.075,3,0.042,True
0.00968,0.273,0.972,0.132,A,0.435,-3.713,minor,0.385,177.314,4,0.0785,True
0.261,0.352,0.769,0.0784,G,0.0985,-6.29,major,0.0991,174.622,4,0.0779,True
0.034,0.438,0.996,0.000098,G,0.445,-0.418,major,0.218,184.901,3,0.117,True
0.183,0.534,0.97,0.000012,G,0.119,-7.018,major,0.118,125.055,4,0.068,True
0.000074,0.553,0.922,0.00429,G,0.0304,-3.332,major,0.106,124.958,4,0.0877,True
0.0191,0.74,0.991,0.00032,C#,0.419,-3.974,major,0.168,109.967,4,0.19,True
0.0456,0.435,0.977,0.00563,G#,0.342,-1.661,minor,0.165,154.858,4,0.164,True
0.0238,0.283,0.933,0.195,F,0.206,-3.481,major,0.184,155.069,3,0.0838,True
0.0367,0.537,0.957,0.235,C,0.123,-2.541,major,0.114,160.051,4,0.421,True
0.014,0.588,0.69,0.2,E,0.0729,-8.72,minor,0.0396,163.778,4,0.436,True
0.00707,0.64,0.895,0.274,E,0.231,-3.443,minor,0.0712,130.038,4,0.0546,True
0.271,0.672,0.687,0.78,B,0.0763,-13.308,major,0.13,129.983,4,0.192,True
0.0497,0.539,0.903,0.849,C#,0.119,-12.594,major,0.0472,153.039,4,0.0373,True
0.000122,0.458,0.943,0.855,B,0.242,-8.321,major,0.0496,145.988,4,0.339,True
0.0243,0.829,0.722,0.741,B,0.126,-11.766,minor,0.256,140.02,4,0.429,True
0.034,0.653,0.589,0.819,G#,0.106,-12.055,major,0.0591,150.009,4,0.0935,True
0.000035,0.57,0.956,0.877,F#,0.118,-6.259,major,0.0377,144.01,4,0.386,True
0.000823,0.589,0.945,0.811,A,0.0888,-5.377,minor,0.0611,150.024,4,0.44,True
0.00158,0.496,0.753,0.00327,G#,0.407,-6.253,minor,0.0663,150.351,4,0.141,True
0.00358,0.674,0.913,0.448,F#,0.33,-9.113,minor,0.0581,89.986,4,0.188,True
0.185,0.648,0.952,0.0108,F#,0.807,-4.68,minor,0.164,150.025,4,0.246,True
0.00853,0.742,0.907,0.202,G,0.113,-5.105,major,0.064,159.981,4,0.54,True
0.000156,0.396,0.964,0.479,A#,0.114,-6.776,minor,0.0708,147.506,4,0.396,True
0.000585,0.321,0.953,0.000068,C#,0.0813,-5.657,major,0.463,147.776,4,0.14,True
0.00693,0.431,0.861,0.000002,D#,0.325,-4.942,minor,0.0491,159.946,4,0.0395,True
0.00498,0.659,0.913,0.00399,C#,0.101,-4.236,major,0.0531,150.002,4,0.579,True
0.00938,0.604,0.938,0.000006,C#,0.243,-2.527,minor,0.0703,150.001,4,0.476,True
0.00505,0.668,0.911,0.000126,E,0.327,-4.157,minor,0.0593,150.03,4,0.655,True
0.000294,0.561,0.846,0.21,B,0.329,-5.642,minor,0.18,128.044,4,0.132,True
0.118,0.599,0.752,0.936,D,0.106,-12.346,major,0.0389,95.511,4,0.106,True
0.0713,0.708,0.819,0.915,F#,0.0979,-6.539,major,0.0868,138.031,4,0.111,True
0.0202,0.317,0.879,0.000041,G#,0.266,-3.642,minor,0.116,160.024,4,0.579,True
0.000079,0.716,0.854,0.944,C#,0.054,-6.413,major,0.0757,157.966,4,0.302,True
0.00295,0.592,0.997,0.0855,G,0.393,-4.414,major,0.0798,149.995,4,0.239,True
0.025,0.505,0.988,0.000149,A,0.133,-1.646,minor,0.0567,97.481,4,0.106,True
0.306,0.713,1,0.0171,A,0.389,-1.753,major,0.295,155.026,4,0.197,True
0.0961,0.468,0.974,0.000611,F#,0.525,-0.585,minor,0.161,114.849,4,0.226,True
0.0622,0.567,0.791,0.0117,F,0.112,-4.631,minor,0.0772,149.898,4,0.16,True
0.00356,0.244,0.692,0.000009,A,0.12,-6.225,minor,0.0536,149.673,4,0.0993,True
0.0545,0.434,0.87,0,E,0.0978,-2.474,minor,0.0612,154.999,4,0.0383,True
0.0261,0.487,0.939,0,G#,0.0699,-3.182,minor,0.268,155.06,4,0.156,True
0.0139,0.533,0.956,0.000191,G#,0.0978,-4.588,major,0.118,160.025,4,0.361,True
0.019,0.583,0.906,0.000469,B,0.331,-3.081,minor,0.081,159.975,4,0.355,True
0.178,0.304,0.994,0.000689,G,0.462,-2.838,major,0.482,177.989,4,0.054,True
0.492,0.404,0.927,0.046,C,0.344,-3.159,major,0.595,179.999,4,0.0716,True
0.0828,0.34,0.954,0.566,F#,0.173,-3.576,minor,0.11,169.924,3,0.196,True
0.00286,0.463,0.987,0.701,A#,0.26,-2.624,minor,0.295,175.059,4,0.0729,True
0.0178,0.321,0.994,0.00189,C,0.319,-2.208,major,0.295,172.261,4,0.0933,True
0.228,0.283,0.954,0,A#,0.431,-0.991,minor,0.117,75.589,4,0.25,True
0.00316,0.647,0.938,0.847,F#,0.28,-5.13,minor,0.122,149.97,4,0.366,True
0.00172,0.668,0.682,0.708,A#,0.0855,-7.661,minor,0.0725,170.006,4,0.384,True
0.179,0.66,0.838,0.927,F#,0.0933,-7.822,minor,0.0567,185.022,4,0.0373,True
0.135,0.595,0.925,0.754,G,0.0985,-8.024,major,0.0513,95.011,4,0.305,True
0.131,0.702,0.947,0.63,G#,0.112,-4.032,major,0.0537,177.383,4,0.417,True
0.0269,0.632,0.912,0.684,A,0.0654,-7.586,minor,0.0365,138.035,4,0.323,True
0.0332,0.859,0.812,0.00751,B,0.302,-7.627,minor,0.268,160.036,4,0.676,True
0.145,0.584,0.869,0.761,G,0.115,-10.969,major,0.0445,151.985,4,0.41,True
0.0325,0.637,0.645,0.865,E,0.122,-6.402,minor,0.0663,155.026,4,0.175,True
0.00994,0.666,0.981,0.756,F#,0.314,-3.352,major,0.122,150.017,4,0.0945,True
0.0238,0.464,0.97,0,D,0.256,-2.544,major,0.208,94.783,4,0.289,True
0.00277,0.55,0.979,0.0501,F#,0.62,-0.75,minor,0.107,95.048,4,0.0781,True
0.0168,0.396,0.727,0.0114,G#,0.712,-6.834,major,0.0442,74.927,4,0.285,False
0.00171,0.292,0.947,0.593,C#,0.191,-4.449,major,0.0906,150.101,4,0.0859,False
0.00117,0.621,0.897,0.611,G#,0.0788,-6.575,major,0.0658,162.031,4,0.93,False
0.0535,0.643,0.916,0.0011,D,0.32,-7.076,major,0.0475,91.025,4,0.433,False
0.00239,0.599,0.988,0.0695,C#,0.0794,-1.55,major,0.292,155.022,4,0.364,False
0.0131,0.562,0.899,0.589,G,0.203,-4.636,minor,0.0397,150,4,0.298,False
0.273,0.662,0.982,0.0367,B,0.0607,-1.7,minor,0.0692,149.995,4,0.855,False
0.0053,0.467,0.981,0.898,C#,0.222,-3.37,minor,0.0485,149.955,4,0.609,False
0.00348,0.653,0.956,0.686,E,0.0834,-8.236,minor,0.144,140.006,4,0.0366,False
0.000445,0.614,0.99,0.872,B,0.706,-2.732,minor,0.347,148.052,4,0.108,False
0.000242,0.665,0.973,0.0465,C#,0.194,-3.807,major,0.435,155.003,4,0.155,False
0.187,0.552,0.829,0.000054,F#,0.283,-4.988,minor,0.0845,150.039,4,0.367,False
0.000899,0.482,0.977,0.000002,G,0.367,-2.13,major,0.432,154.992,4,0.325,False
0.013,0.684,0.991,0.00521,C#,0.0818,-3.694,major,0.257,154.941,4,0.191,False
0.15,0.242,0.756,0.282,G,0.0889,-3.162,major,0.0635,92.821,4,0.0393,False
0.057,0.437,0.931,0,D#,0.347,-1.232,minor,0.0639,77.496,4,0.315,False
0.0044,0.515,0.94,0.000011,A,0.23,-2.452,minor,0.0478,150.051,4,0.284,False
0.00706,0.473,0.912,0.000065,F,0.157,-3.235,major,0.0292,155.021,4,0.328,False
0.0196,0.204,0.817,0.000029,A,0.0678,-3.706,minor,0.0505,149.686,4,0.195,False
0.135,0.57,0.986,0.000001,A,0.329,-2.78,major,0.168,150.114,4,0.529,False
0.297,0.352,0.844,0.422,B,0.0951,-5.711,minor,0.0701,74.851,4,0.0445,False
0.00376,0.504,0.728,0,B,0.14,-5.089,minor,0.0334,150.011,3,0.116,False
0.125,0.329,0.968,0,F,0.169,-2.636,minor,0.345,155.03,4,0.146,False
0.00473,0.501,0.993,0.902,C#,0.147,-5.502,major,0.0802,150.05,4,0.451,False
0.0153,0.55,0.987,0.878,A,0.067,-4.485,minor,0.13,149.966,4,0.0672,False
0.00227,0.43,0.963,0.0698,G,0.735,-3.414,major,0.192,95.244,4,0.13,False
0.0107,0.579,0.998,0.219,A,0.126,-0.792,major,0.215,100.034,4,0.157,False
0.0159,0.624,0.974,0.00244,F,0.285,-2.922,minor,0.214,105.06,4,0.152,False
0.00365,0.549,0.989,0.736,C#,0.41,-3.636,major,0.287,179.908,4,0.111,False
0.0175,0.599,0.988,0.0489,B,0.717,-2.984,major,0.459,100.033,4,0.244,False
0.0637,0.573,0.961,0.284,F#,0.248,-0.421,minor,0.116,180.083,4,0.289,False
0.0287,0.192,0.564,0.574,C#,0.149,-5.447,major,0.0546,169.9,4,0.0772,False
0.00235,0.564,0.981,0.174,F#,0.541,-3.919,major,0.0769,100.124,4,0.0866,False
0.064,0.499,0.994,0.0232,C,0.328,-1.174,major,0.132,182.948,4,0.394,False
0.000529,0.444,0.972,0.0138,G,0.476,-2.746,major,0.218,150.034,4,0.207,False
0.000028,0.511,0.948,0.000003,E,0.792,-1.884,minor,0.0476,102.494,4,0.0397,False
0.0888,0.616,0.991,0.149,G,0.24,-1,major,0.367,199.954,4,0.325,False
0.00135,0.429,0.983,0.858,F,0.129,-1.962,major,0.125,149.964,4,0.478,False
0.0383,0.648,0.993,0.00156,E,0.183,1.611,minor,0.158,109.937,4,0.222,False
0.00124,0.488,0.999,0.346,E,0.783,0.13,minor,0.149,100.014,4,0.126,False
0.158,0.645,0.994,0.000001,G,0.301,-1.193,major,0.23,95.016,4,0.143,False
0.0268,0.631,0.965,0.000179,G#,0.312,-2.726,major,0.201,105.019,4,0.183,False
0.0978,0.54,0.983,0,D,0.26,-1.155,major,0.0934,99.988,4,0.1,False
0.0178,0.577,0.989,0.0073,D,0.302,-1.816,major,0.15,99.965,4,0.364,False
0.114,0.618,0.994,0.000003,G,0.275,0.217,major,0.479,179.939,4,0.0715,False
0.0046,0.54,0.949,0.000037,F#,0.215,-2.579,major,0.156,100.07,4,0.459,False
0.00111,0.322,0.923,0.00895,C#,0.18,-0.614,major,0.113,117.01,4,0.295,False
0.0368,0.574,0.974,0.0124,C#,0.0698,-2.325,major,0.275,184.939,4,0.182,False
0.00528,0.406,0.894,0.000263,G#,0.226,-5.567,major,0.0452,180.028,4,0.0614,False
0.00216,0.458,0.954,0.000003,G,0.103,-3.077,major,0.074,99.97,4,0.115,False
0.00939,0.433,0.873,0.276,G,0.323,-6.132,major,0.099,170.009,4,0.34,False
0.00708,0.595,0.984,0.000452,D,0.7,-2.383,minor,0.0851,99.997,4,0.2,False
0.0325,0.477,0.974,0.165,A,0.424,-2.741,minor,0.148,95.027,4,0.0386,False
0.0344,0.465,0.965,0.0011,E,0.0554,-2.256,minor,0.0562,92.47,4,0.0982,False
0.288,0.353,0.838,0.000524,B,0.196,-4.712,minor,0.076,189.933,4,0.149,False
0.168,0.484,0.952,0.749,F,0.0963,-4.028,major,0.0962,170.024,4,0.13,False
0.0216,0.561,1,0.0102,A,0.584,2.277,minor,0.292,95.012,4,0.0343,False
0.136,0.59,0.994,0.000032,E,0.248,2.219,minor,0.379,100.048,4,0.0523,False
0.0127,0.49,0.998,0.0033,C,0.359,0.371,major,0.404,94.987,4,0.0872,False
0.289,0.414,0.999,0.114,F#,0.13,1.464,major,0.537,199.887,4,0.0612,False
0.0258,0.735,0.94,0.0683,C,0.15,-3.876,major,0.148,99.978,4,0.473,False
0.00649,0.646,0.99,0.00147,C#,0.102,1.95,major,0.142,100.011,4,0.0651,False
0.124,0.612,1,0.00993,G,0.279,3.339,major,0.435,100.064,1,0.0343,False
0.288,0.47,0.978,0.0365,G#,0.0762,-0.974,minor,0.434,175.052,4,0.149,False
0.00134,0.916,0.854,0.0704,B,0.0537,-6.674,minor,0.0783,125.018,4,0.734,False
0.0207,0.665,0.973,0.842,C#,0.0381,-2.112,minor,0.26,160.016,3,0.135,False
0.0138,0.564,0.93,0.000003,C#,0.692,-3.475,minor,0.113,150.009,4,0.153,False
0.0151,0.513,0.87,0.000102,A,0.0871,-6.57,major,0.0484,155.027,3,0.489,False
0.0286,0.667,0.879,0.000538,F,0.0882,-6.314,major,0.0394,154.986,4,0.351,False
0.0479,0.697,0.868,0.000648,F,0.116,-5.754,major,0.0396,154.999,4,0.387,False
0.103,0.721,0.777,0,C#,0.0482,-3.303,major,0.0418,155.011,3,0.467,False
0.356,0.618,0.79,0,F,0.0737,-5.977,major,0.119,155.003,3,0.354,False
0.00637,0.559,0.85,0,G,0.154,-7.735,minor,0.131,154.976,4,0.277,False
0.00528,0.489,0.908,0.014,E,0.0637,-4.811,minor,0.0375,167.945,4,0.389,False
0.278,0.404,0.913,0,D,0.0978,-2.215,minor,0.129,94.989,4,0.16,False
0.0357,0.453,0.96,0,F#,0.103,-2.07,minor,0.105,175.003,4,0.0816,False
0.00114,0.559,0.96,0.056,A#,0.4,-2.427,minor,0.086,170.04,4,0.367,False
0.00183,0.582,0.862,0.863,B,0.029,-5.947,minor,0.0625,137.949,4,0.297,False
0.0213,0.663,0.969,0,G,0.187,-2.384,major,0.21,100.043,4,0.308,False
0.226,0.552,0.974,0,G,0.0806,-2.129,major,0.221,179.976,4,0.2,False
0.03,0.65,0.992,0.000011,G#,0.501,-0.882,major,0.0804,95.018,4,0.373,False
0.0563,0.639,0.997,0.000062,D,0.135,-0.15,major,0.107,95.003,4,0.282,False
0.0299,0.604,0.997,0.00005,G,0.359,-1.662,major,0.167,92.505,4,0.242,False
0.000876,0.462,0.995,0.0101,G,0.167,-2.917,major,0.0497,172.033,4,0.107,False
0.223,0.539,0.97,0.0001,F,0.121,-2.588,minor,0.212,184.991,4,0.0772,False
0.129,0.481,0.823,0.034,C,0.0552,-14.838,major,0.0478,170.046,4,0.427,False
0.0512,0.573,0.996,0,F#,0.277,-0.213,major,0.0636,95.021,4,0.125,False
0.0232,0.567,0.988,0.0351,C#,0.149,-2.879,major,0.187,100.025,4,0.0634,False
0.000505,0.481,0.993,0.981,F,0.516,-0.77,major,0.0402,100.008,4,0.0388,False
0.00004,0.552,0.916,0.88,G,0.351,-2.46,major,0.0433,95.025,4,0.0499,False
0.0839,0.572,0.985,0.593,C,0.109,-1.861,major,0.153,100.003,4,0.0577,False
0.032,0.452,0.877,0.294,F#,0.217,-1.412,minor,0.0437,100.014,4,0.0738,False
0.013,0.664,0.96,0.00111,F#,0.113,-0.592,major,0.102,105.021,4,0.275,False
0.00121,0.237,0.949,0.401,C,0.0948,-4.912,major,0.322,200.08,4,0.0396,False
0.0938,0.152,0.933,0,B,0.0969,-2.936,minor,0.158,199.715,4,0.318,False
0.0472,0.447,0.955,0.00323,D#,0.151,-5.15,major,0.0582,95.008,4,0.0762,False
0.0137,0.472,0.929,0.0262,C#,0.166,-4.439,major,0.0412,100.035,1,0.0663,False
0.233,0.425,0.997,0.338,G,0.294,-1.608,major,0.214,92.479,4,0.435,False
0.0131,0.395,0.984,0.13,G#,0.38,-3.404,major,0.0911,200.07,4,0.261,False
0.0143,0.453,0.979,0.54,C#,0.143,-1.929,major,0.0453,99.975,4,0.138,False
0.00917,0.342,0.952,0.000742,C#,0.34,1.441,major,0.405,199.065,4,0.226,False
0.0691,0.657,0.997,0,G#,0.222,-0.591,major,0.199,100.036,4,0.169,False
0.0744,0.629,0.998,0.000066,A,0.7,0.13,major,0.181,114.96,4,0.0873,False
0.185,0.669,0.911,0,F#,0.212,-2.521,minor,0.121,95.002,4,0.462,False
0.0517,0.574,0.981,0,G,0.244,-1.617,major,0.159,100.122,4,0.294,False
0.0499,0.655,0.988,0,E,0.115,-3.003,minor,0.165,94.979,4,0.142,False
0.0191,0.459,0.941,0,A,0.371,-2.053,minor,0.0777,155.023,4,0.399,False
0.0261,0.487,0.939,0,G#,0.0699,-3.182,minor,0.268,155.06,4,0.156,False
0.00282,0.406,0.985,0.0456,G#,0.147,-1.539,minor,0.175,154.993,4,0.235,False
0.00295,0.433,0.925,0.000002,C#,0.0512,-3.411,minor,0.154,155.025,4,0.177,False
0.062,0.277,0.867,0,G,0.162,-4.887,minor,0.136,154.743,4,0.177,False
0.128,0.515,0.998,0.000004,G#,0.946,0.432,minor,0.342,155.03,4,0.172,False
0.000764,0.47,0.974,0.000008,F#,0.4,-2.916,minor,0.116,154.989,4,0.321,False
0.245,0.539,0.933,0.00006,F#,0.158,-4.433,minor,0.103,77.517,4,0.174,False
0.00288,0.553,0.92,0.000141,G,0.113,-2.143,major,0.143,179.863,4,0.174,False
0.0396,0.617,0.975,0.000004,C#,0.27,-2.18,major,0.118,99.88,4,0.137,False
0.0952,0.686,0.926,0.000019,C#,0.143,-1.755,major,0.282,100.024,4,0.377,False
0.0062,0.681,0.951,0.00561,C#,0.131,-1.825,major,0.0419,100.08,4,0.202,False
0.0156,0.576,0.993,0.000113,C#,0.524,-0.92,major,0.0772,99.959,4,0.202,False
0.00373,0.623,0.953,0.000003,G,0.0845,-2.718,major,0.219,94.996,4,0.104,False
0.0147,0.673,0.949,0.000168,C#,0.21,-4.694,minor,0.113,94.986,4,0.0542,False
0.00734,0.549,0.921,0.000074,C,0.184,-1.185,minor,0.0636,149.955,4,0.261,False
0.0951,0.485,0.772,0.000002,E,0.105,-2.966,minor,0.0293,150.111,4,0.203,False
0.0251,0.297,0.935,0.000011,B,0.157,-2.188,minor,0.0754,112.57,3,0.147,False
0.0212,0.495,0.944,0.000001,C,0.273,-1.727,minor,0.0539,149.924,4,0.381,False
0.0103,0.348,0.934,0.000074,A#,0.0691,-4.278,minor,0.238,150.185,4,0.252,False
0.00835,0.499,0.92,0.000013,C,0.149,-2.404,minor,0.0761,149.951,4,0.223,False
0.0721,0.395,0.869,0.000091,A#,0.17,-2.525,minor,0.0398,150.292,4,0.166,False
0.00209,0.436,0.765,0,A,0.058,-5.907,minor,0.0587,150.163,4,0.178,False
0.000493,0.273,0.949,0.000932,E,0.676,-3.437,minor,0.136,149.837,4,0.0911,False
0.159,0.44,0.901,0,A,0.0784,-2.908,minor,0.0435,150.127,4,0.133,False
0.0189,0.478,0.874,0,F#,0.28,-3.35,minor,0.0315,150.044,4,0.39,False
0.00713,0.39,0.965,0.000345,A,0.111,-2.617,minor,0.131,149.916,4,0.121,False
0.0336,0.568,0.939,0.000293,F,0.335,-3.308,minor,0.0778,150.031,4,0.231,False
0.00877,0.477,0.957,0.0496,F#,0.304,-3.468,minor,0.26,150.001,4,0.117,False
0.031,0.398,0.799,0.000007,C#,0.19,-4.424,major,0.0484,154.046,4,0.288,False
0.0945,0.593,0.869,0.00428,G,0.184,-3.454,minor,0.0575,128.003,4,0.173,False
0.00348,0.191,0.877,0.00267,C,0.138,-3.686,minor,0.109,150.055,4,0.271,False
0.0057,0.485,0.853,0.00155,F#,0.0842,-3.192,minor,0.0423,130.054,4,0.304,False
0.0325,0.578,0.978,0,G#,0.34,-1.554,minor,0.414,155.229,4,0.357,False
0.0608,0.515,0.851,0,G#,0.209,-3.353,minor,0.062,155.022,4,0.274,False
0.00463,0.53,0.883,0,E,0.1,-3.262,minor,0.0367,74.982,4,0.0696,False
0.00309,0.477,0.976,0,C#,0.11,-3.38,major,0.231,149.982,4,0.188,False
0.0579,0.323,0.791,0,C#,0.321,-4.943,minor,0.0527,113.959,3,0.0546,False
0.0129,0.472,0.944,0,A#,0.102,-2.551,minor,0.0777,155.05,4,0.184,False
0.0119,0.546,0.961,0.000091,F#,0.37,-3.574,minor,0.0884,155.047,4,0.492,False
0.0942,0.642,0.96,0.00321,F#,0.365,-1.792,minor,0.238,155.007,4,0.462,False
0.00507,0.498,0.936,0.000003,B,0.12,-4.479,minor,0.0766,154.872,4,0.334,False
0.00421,0.61,0.968,0.137,F#,0.33,-4.848,minor,0.156,154.981,4,0.492,False
0.127,0.561,0.892,0,G,0.0656,-5.485,major,0.145,154.992,4,0.0742,False
0.00982,0.583,0.963,0.000679,D,0.101,-3.507,major,0.0723,160.016,4,0.222,False
0.0244,0.447,0.923,0.00013,G,0.321,-4.112,minor,0.154,155.056,4,0.0654,False
0.024,0.409,0.991,0.000746,G#,0.549,-1.672,minor,0.571,189.92,4,0.0518,False
0.0539,0.366,0.928,0.134,C#,0.0987,-1.187,major,0.0432,160.044,4,0.0395,False
0.0243,0.592,0.98,0.000006,B,0.66,-1.957,minor,0.169,100.02,4,0.137,False
0.0611,0.641,0.946,0.0268,C#,0.0913,-2.756,major,0.0641,105.056,3,0.0351,False
0.0134,0.585,0.992,0.000003,F#,0.201,-0.61,minor,0.14,104.959,4,0.0716,False
0.06,0.568,0.995,0.000022,G,0.403,-0.113,major,0.104,95.024,3,0.159,False
0.00748,0.662,0.942,0.000034,G,0.561,-1.38,major,0.124,93.995,4,0.542,False
0.00089,0.539,0.846,0.837,A,0.616,-4.831,major,0.0483,150.008,4,0.239,False
0.00886,0.665,0.825,0.58,A,0.103,-8.238,minor,0.131,142.016,4,0.127,False
0.0171,0.268,0.867,0,A#,0.108,-4.439,minor,0.0922,149.953,4,0.301,False
0.209,0.499,0.761,0.000027,A#,0.0998,-6.397,minor,0.034,149.968,4,0.168,False
0.129,0.561,0.759,0,D,0.0804,-5.141,major,0.0425,150.12,4,0.397,False
0.0934,0.478,0.848,0,C#,0.0925,-3.85,minor,0.0431,149.936,4,0.48,False
0.149,0.584,0.991,0.000263,G#,0.398,-5.074,minor,0.105,154.992,4,0.753,False
0.0431,0.478,0.878,0.000019,C#,0.0719,-3.431,minor,0.0403,149.671,4,0.289,False
0.137,0.555,0.91,0,D#,0.335,-3.653,minor,0.0628,154.932,4,0.55,False
0.0133,0.54,0.966,0.00215,G,0.846,-3.075,major,0.0643,150.007,1,0.446,False
0.0053,0.467,0.981,0.898,C#,0.222,-3.37,minor,0.0484,149.945,4,0.609,False
0.0463,0.387,0.906,0.000051,B,0.398,-5.353,minor,0.0781,143.039,4,0.334,False
0.0019,0.479,0.998,0.192,C#,0.301,-1.378,major,0.252,99.98,4,0.0584,False
0.0431,0.535,0.929,0.602,D,0.1,-4.026,major,0.0582,112.422,1,0.144,False
0.21,0.402,0.903,0.0539,F,0.238,-3.535,minor,0.0992,79.704,4,0.0683,False
0.21,0.593,0.917,0.271,G#,0.179,-5.567,major,0.0427,149.984,4,0.0352,False
0.0322,0.435,0.871,0.0234,C,0.197,-4.953,major,0.109,159.743,4,0.0372,False
0.0107,0.6,0.918,0.00118,F,0.104,-2.909,minor,0.062,149.999,4,0.267,False
0.00309,0.528,0.966,0.655,E,0.452,-4.527,minor,0.08,150.077,4,0.297,False
0.0509,0.368,0.842,0.000086,A,0.483,-3.998,minor,0.0707,75.616,4,0.0874,False
0.00105,0.534,0.908,0.00165,F,0.189,-5.876,minor,0.0502,150.076,4,0.265,False
0.00158,0.496,0.753,0.00327,G#,0.407,-6.253,minor,0.0663,150.351,4,0.141,False
